{"volumeOfMusic":0.4096957743167877,"volumeOfSound":0.18846121430397035}